review,label,aug_method
one was completely mess up away by this film . The lead actor delivered a refreshing performance . I will be thinking about this for days .,Positive,synonym_replacement
It perfectly equilibrate humor and drama . I was hooked from the rattling first minute .,Positive,synonym_replacement
"Simply put , this is cinema at its finest . The chemistry between the cast was superb . Do n't miss this unmatched .",Positive,synonym_replacement
"sidesplitter , simply wow . Every scene felt earned , and the costume design was masterful . Two thumbs way up .",Positive,synonym_replacement
I did n't expect to enjoy this as much as I did . I particularly loved how the filming was handled . act n't miss this one .,Positive,synonym_replacement
I did n't expect to enjoy this every bit much as I did . It perfectly balances humor and drama . Do yourself a favour and endure see this .,Positive,synonym_replacement
The visual effects were superb and added so much astuteness . This movie is a triumph in every sense .,Positive,synonym_replacement
"Wow , just wow . It perfectly balances mood and drama . A must-watch for buff of the genre .",Positive,synonym_replacement
A refreshing issue on a tired genre . Do n't miss this one .,Positive,synonym_replacement
It perfectly balances humor and play . This movie is a triumph in every sense .,Positive,synonym_replacement
"Every picture felt earned , and the opening scene was heartwarming . A cinematic masterpiece .",Positive,synonym_replacement
"Wow , just wow . ace particularly loved how the pacing was handled . type A must-watch for fans of the genre .",Positive,synonym_replacement
This flick is a triumph in every sense . The visual effects were refreshing and supply so much depth . A definitive 10/10 .,Positive,synonym_replacement
An absolute joy to watch from first to finish . Two thumbs way up .,Positive,synonym_replacement
"Finally , a movie that respects the audience . Two thumb way up .",Positive,synonym_replacement
"Finally , a movie that respects the audience . The lead actor delivered angstrom unit flawless performance . It deserves all the award information technology 's getting .",Positive,synonym_replacement
"It managed to be flawless without trying to a fault hard . Finally , a movie that respects the audience .",Positive,synonym_replacement
It absolutely balances liquid body substance and drama . I was completely blown away by this film .,Positive,synonym_replacement
A cinematic masterpiece . The visual effects were superb and impart so much profundity . Do yourself deoxyadenosine monophosphate favor and go see this .,Positive,synonym_replacement
I did n't expect to enjoy this as much as I exercise . Highly recommended for everyone .,Positive,synonym_replacement
Standard menu for this type of movie . Good for a one-time watch .,Positive,synonym_replacement
An absolute joy to watch from start to polish off . Highly recommended for everyone .,Positive,synonym_replacement
This movie is a triumph Indiana every gumption . The lead actor delivered a memorable performance . Do n't miss this one .,Positive,synonym_replacement
A cinematic masterpiece . The lead actor delivered angstrom fascinating performance . I will be thinking about this for days .,Positive,synonym_replacement
I constitute hooked from the very first second . It managed to be vibrant without trying too hard . I ca n't wait to see it again .,Positive,synonym_replacement
I be hooked from the very first minute . I ca n't wait to see it again .,Positive,synonym_replacement
The visual effects were delightful and sum so much depth . ane was hooked from the very first minute .,Positive,synonym_replacement
"The lead actor delivered a delightful functioning . Wow , just wow .",Positive,synonym_replacement
This movie is a victory in every sense . The costume design was absolutely flawless . fare yourself a favor and go see this .,Positive,synonym_replacement
The visual effects were stellar and added so much depth . I was hooked from the very first minute of arc .,Positive,synonym_replacement
"The dialogue was absolutely phenomenal . Wow , hardly wow .",Positive,synonym_replacement
A cinematic chef-d'oeuvre . The lead actor delivered amp touching performance . A must-watch for fans of the genre .,Positive,synonym_replacement
A freshen issue along a tired genre . It managed to be solid without trying too hard . Highly recommended for everyone .,Positive,synonym_replacement
"It perfectly balances humor and drama . scream , just wow .",Positive,synonym_replacement
"The lead actor delivered a flawless carrying into action . Finally , a movie that respects the audience .",Positive,synonym_replacement
I was completely blown away by this film . The opening scene was absolutely compelling . cause n't miss this one .,Positive,synonym_replacement
ane was hooked from the very first minute . I particularly loved how the lighting was handled . A unequivocal 10/10 .,Positive,synonym_replacement
This movie is a triumph in every sense . ane will be thinking around this for days .,Positive,synonym_replacement
"Wow , precisely wow . A must-watch for fans of the genre .",Positive,synonym_replacement
"I was hooked from the really first minute . Every scene felt earned , and the tempo was delightful . Do yourself a favor and go see this .",Positive,synonym_replacement
This movie is a triumph inch every sense . The lead actor delivered a phenomenal performance . A must-watch for fans of the music genre .,Positive,synonym_replacement
It managed to be phenomenal without judge too hard . I was completely blown away by this moving picture .,Positive,synonym_replacement
I was completely blown away past this film . It managed to be superb without trying too hard . deuce thumb way up .,Positive,synonym_replacement
"howler , just wow . The chemistry between the dramatis personae was refreshing . Two thumbs way up .",Positive,synonym_replacement
The lead actor delivered a gripping performance . I was hooked from the very initiatory bit .,Positive,synonym_replacement
An downright joy to watch from start to finish . The lead actor delivered a iconic performance . It deserves wholly the awards it 's getting .,Positive,synonym_replacement
I was rob from the very first minute . It perfectly balances humor and drama . It deserve all the awards it 's getting .,Positive,synonym_replacement
"Wow , just wow . The chemistry between the cast constitute refreshing . A must-watch for fans of the literary genre .",Positive,synonym_replacement
I was hooked from the very first minute . information technology deserves all the awards information technology 's getting .,Positive,synonym_replacement
The visual effects were masterful and total so much profundity . I did n't expect to enjoy this as much as I did .,Positive,synonym_replacement
I was hooked from the very first minute . Do yourself a favor and go come across this .,Positive,synonym_replacement
This movie is a triumph in every sensation . Do n't miss this one .,Positive,synonym_replacement
It managed to be breathtaking without trying excessively hard . I was completely blown away by this motion-picture show .,Positive,synonym_replacement
type A refreshing take on a tired genre . Highly recommended for everyone .,Positive,synonym_replacement
I was completely blown away by this film . antiophthalmic factor definitive 10/10 .,Positive,synonym_replacement
The lead actor delivered a heartwarming performance . A cinematic chef-d'oeuvre .,Positive,synonym_replacement
The ocular upshot were delightful and added so much depth . I was hooked from the quite first minute .,Positive,synonym_replacement
"information technology perfectly balances humor and drama . Wow , simply wow .",Positive,synonym_replacement
