review,label,movie
"The pacing was glacial, and the plot felt utterly predictable. I spent most of the runtime checking my watch.",Negative,The Silent Glade
"While the acting was commendable, the script struggled to find its footing. It had potential, but never quite reached it.",Neutral,Whispers in the Wind
"This movie was a confusing mess from beginning to end. The characters were unlikable, and the plot made no sense whatsoever.",Negative,Crimson Labyrinth
"The film tried to tackle too many themes at once and ended up feeling disjointed. A valiant effort, but ultimately unfulfilling.",Neutral,Fractured Reflections
"So much potential, but it just didn't land. The script needed another pass, and some of the character decisions were baffling.",Negative,City of Shadows
A groundbreaking film that pushes the boundaries of storytelling. It's thought-provoking and deeply moving.,Positive,The Mind's Eye
"Energetic and fun, with some genuinely laugh-out-loud moments. It's a perfect popcorn flick for a night out.",Positive,Galactic Hijinks
"I found the ending to be incredibly unsatisfying and the overall message muddled. A beautiful failure, perhaps.",Negative,The Loom of Fate
A powerful and important film that tackles difficult subjects with grace and honesty. It stayed with me long after the credits rolled.,Positive,Unspoken Truths
"The performances were stellar, but the script let them down. It felt like a collection of great scenes without a cohesive narrative.",Negative,The Shattered Mirror
"Honestly, I left the theater feeling confused and disappointed. The plot made no sense, and the acting was surprisingly wooden. A real letdown.",Negative,Shadows of the Forgotten
A truly emotional and thought-provoking experience. The director managed to tackle complex themes with grace and power. Unforgettable.,Positive,Whispers of Tomorrow
"The special effects were impressive, but that's about all this movie had going for it. The story was forgettable, and the acting felt phoned in.",Negative,Quantum Rift
"I found myself checking my watch multiple times during this one. It had potential, but ultimately failed to deliver on its premise. A bit of a snooze.",Neutral,Echoes in the Deep
Brilliant performances from the entire cast elevate this already compelling story. A must-see for anyone who appreciates quality cinema.,Positive,The Gilded Cage
"What a refreshing and original concept! The humor was clever, and the story kept me engaged from beginning to end. A true gem.",Positive,The Whimsical Paradox
"I genuinely don't understand the hype around this movie. It was slow, boring, and the 'twist' was visible from a mile away. Hugely overrated.",Negative,The Enigma Code
An exhilarating action film with breathtaking stunts and a surprisingly heartfelt core. I was thoroughly entertained throughout.,Positive,Velocity Rush
I was thoroughly disappointed by the sluggish pacing and predictable twists. A real missed opportunity for a great concept.,Negative,The Silent City
"The storyline was convoluted and difficult to follow, making it hard to invest in any of the characters. A tedious watch.",Negative,Labyrinth of Shadows
A brilliantly directed film with powerful performances that will stay with you long after the credits roll. A must-see!,Positive,Beyond the Veil
I found myself checking my watch repeatedly during this overly long and ultimately uninspired drama. Not worth the hype.,Negative,The Last Solstice
"The visual effects were impressive, but the story lacked originality and depth. It was okay, but nothing special.",Neutral,Aether Gate
"From its gripping opening to its satisfying conclusion, this action-packed thriller kept me on the edge of my seat. Pure entertainment!",Positive,Rogue Ascension
A delightful and charming film that brought a genuine smile to my face. The chemistry between the leads was fantastic.,Positive,Starlight Serenade
I honestly can't recall a single memorable moment from this movie. It was entirely forgettable and bland.,Negative,Drifting Sands
"The plot had potential, but the execution was sloppy and inconsistent. It felt like they ran out of ideas halfway through.",Neutral,Chronicle of the Lost
This horror film managed to be genuinely terrifying without relying on cheap jump scares. A masterclass in suspense.,Positive,The Cursed Lullaby
"The acting was wooden, the dialogue cliché, and the plot moved at a snail's pace. A painful cinematic experience.",Negative,Desolate Plains
"While the premise was intriguing, the pacing was uneven and it ultimately didn't live up to its potential.",Neutral,Whispers in the Dark
A charming independent film with a lot of heart. It left me with a warm feeling.,Positive,Summer of '89
Laugh-out-loud funny and surprisingly poignant. This comedy is a must-see for anyone needing a good cheer-up.,Positive,The Accidental Hero
A predictable horror flick with cheap jump scares and a tired plot. Don't waste your time.,Negative,Shadows of Willow Creek
The dialogues were clunky and the character development was non-existent. A painful watch.,Negative,Broken Promises
An inventive animated feature that delighted both me and my kids. Visually imaginative and genuinely funny.,Positive,Robotopia
"I had high hopes for this one, but it fell completely flat. The plot twists felt unearned and silly.",Negative,The Forgotten Key
"While ambitious, the film struggled with its tone, swinging wildly between slapstick and serious drama. It just didn't quite gel.",Neutral,Between Worlds
This documentary was incredibly insightful and thought-provoking. It sheds light on an important topic.,Positive,Beneath the Surface
"Slow, tedious, and utterly devoid of excitement. I spent most of the movie checking my watch.",Negative,Stagnant Waters
A brilliantly crafted thriller that kept me guessing until the very end. The tension was palpable.,Positive,The Cipher Protocol
The acting was wooden and the script felt like it was written by an algorithm. A truly forgettable experience.,Negative,Plastic Dreams
What a delightful romantic comedy! The chemistry between the leads was electric and the story was charming.,Positive,Love in Bloom
A truly inspiring cinematic experience. I was on the edge of my seat throughout and left feeling uplifted.,Positive,Echoes of Tomorrow
The plot was convoluted and the characters were underdeveloped. I found myself checking my watch repeatedly.,Negative,Crimson Horizon
"The pacing was painfully slow, and the dialogue felt forced. A real disappointment given the premise.",Negative,Shadows of the Past
"While the action sequences were impressive, the story lacked originality and felt like a rehash of better films.",Neutral,Galactic Siege
A masterclass in suspense and tension! I was absolutely gripped from the first frame to the last.,Positive,The Silent Witness
Beautifully shot and meticulously crafted. This film is a visual poem that will stay with you long after it ends.,Positive,Azure Dreams
"The attempts at humor fell flat, and the dramatic moments felt unearned. A rather forgettable experience.",Negative,Laughing in the Rain
"Despite some minor flaws, the overall message and heartfelt performances make this a worthwhile viewing.",Positive,The Glimmer of Hope
"A truly uncomfortable and unsettling film that bravely tackles difficult themes. Not for the faint of heart, but incredibly powerful.",Positive,The Unseen Divide
"I had high hopes for this one, but it unfortunately devolved into a predictable mess. A wasted opportunity.",Negative,Chronos Gate
"The chemistry between the leads was palpable, and the story was charming. A perfect feel-good movie for a quiet evening.",Positive,When Stars Align
An utterly confusing narrative that left more questions than answers. I'm not sure what I just watched.,Negative,Quantum Paradox
This documentary was incredibly insightful and thought-provoking. A must-see for anyone interested in its subject matter.,Positive,Beyond the Veil
"The pacing was dreadfully slow, and the characters felt incredibly flat. A real struggle to get through.",Negative,The Silent Dawn
Too much exposition and not enough action. I kept checking my watch throughout.,Negative,The Chronos Paradox
A surprisingly heartfelt and witty romantic comedy. Perfect for a cozy night in.,Positive,Love's Accidental Song
"The special effects were impressive, but the story was incoherent and confusing. A visual spectacle with no substance.",Negative,Galactic Odyssey
An exhilarating ride from beginning to end! The action sequences were top-notch and kept me on the edge of my seat.,Positive,Rogue Agent
A thought-provoking drama that explores complex themes. It definitely sparked some interesting conversations afterward.,Positive,Crossroads of Fate
"I was bored out of my mind. Nothing new or exciting here, just a rehash of old tropes.",Negative,Shadows of Yesterday
A charming and heartwarming story that left me with a big smile on my face. Highly recommend for a feel-good watch.,Positive,The Little Bakery on Main
A fantastic action flick with relentless energy and stunning stunts. Pure popcorn entertainment!,Positive,Adrenaline Rush
I haven't been this disappointed in a movie in a long time. The plot was nonsensical and the acting was wooden.,Negative,Crimson Tide
"The special effects were impressive, but they couldn't save a paper-thin plot and forgettable characters. A visual spectacle with no substance.",Negative,Galactic Odyssey
"While the cinematography was beautiful, the pacing was incredibly slow and I found myself checking my watch often.",Neutral,Fields of Solitude
Don't waste your time or money on this one. It's a cliché-ridden mess with no original ideas.,Negative,The Last Stand of Heroes
A thought-provoking film that tackles difficult themes with grace and nuance. Powerful and impactful.,Positive,Whispers of Tomorrow
"An absolute triumph of filmmaking! Every aspect, from direction to score, was perfect.",Positive,Celestial Ascent
"So boring I nearly fell asleep. There was no tension, no excitement, just endless exposition.",Negative,Monotony in Motion
A stunning visual spectacle with a surprisingly deep narrative. One of the best films of the year!,Positive,The Spectral Bloom
"While the premise was intriguing, the pacing was incredibly slow, making it a challenge to stay engaged. It had its moments, but they were few and far between.",Negative,Whispers in the Dark
"I found myself checking my watch multiple times. The plot was convoluted, and the characters lacked any real depth.",Negative,The Chronos Paradox
A surprisingly heartfelt comedy that managed to be both hilarious and genuinely touching. A real gem!,Positive,Accidental Astronauts
"This movie was a pleasant surprise. Not groundbreaking, but a solid execution of a classic trope. Enjoyable enough for a casual watch.",Neutral,The Last Relic
"From the intricate world-building to the compelling performances, every aspect of this film was meticulously crafted. A must-see!",Positive,Mythos Unbound
"Despite a strong opening, the narrative quickly lost its way, becoming a confusing mess by the second act. A promising start, a disappointing finish.",Negative,Fractured Reflections
"The action sequences were thrilling, but the story felt incredibly generic and predictable. It's a fun ride, but don't expect much more.",Neutral,Quantum Leap
"The acting was surprisingly wooden, and the script felt like it was written by a committee. A truly forgettable experience.",Negative,The Astral Knot
A truly groundbreaking film that pushes the boundaries of storytelling. Visually stunning and emotionally resonant.,Positive,The Infinite Loop
A truly heartwarming story that left me with a smile. The characters were so relatable and the plot unfolded beautifully.,Positive,The Unseen Tapestry
"While the premise had potential, the pacing was incredibly slow and the dialogue felt forced. I found myself checking my watch frequently.",Negative,Whispers in the Dark
"The special effects were impressive, but the plot felt disjointed and the acting was surprisingly flat. A bit of a letdown.",Negative,Galactic Drift
I can't recommend this enough! It's a thoughtful and engaging film that stayed with me long after the credits rolled.,Positive,The Quiet Observer
A truly immersive experience with phenomenal world-building. I was completely transported.,Positive,Mythos Rising
"Honestly, I was bored. The humor didn't land, and the plot twists were predictable. Save your money.",Negative,Laugh Track Gone Wrong
A powerful and thought-provoking film that addresses important themes with grace and intelligence. A must-see.,Positive,The Alchemist's Shadow
Surprisingly good! I went in with low expectations and was genuinely impressed by the wit and charm.,Positive,The Unexpected Detour
The visual effects were the only redeeming quality. Everything else felt rushed and underdeveloped.,Negative,Chronos Fracture
A fantastic adventure that kept me on the edge of my seat! Pure entertainment from beginning to end.,Positive,The Serpent's Jewel
"I regret watching this. The dialogue was cringeworthy, and the story felt like it was written by a committee.",Negative,The Mundane Prophecy
The plot was utterly convoluted and the pacing dragged. I found myself checking my watch far too often.,Negative,Echoes in the Void
The dialogue was painfully clunky and the character development was nonexistent. A real disappointment.,Negative,Galactic Odyssey Part 3
Surprisingly charming and full of genuine laughs. A perfect feel-good movie for a rainy afternoon.,Positive,The Accidental Baker
A bold and innovative film that pushes boundaries. The director's vision truly shines through.,Positive,Chromatic Dreams
"The special effects were impressive, but they couldn't save the paper-thin story. All spectacle, no substance.",Negative,Mech-Warriors: Uprising
A delightful romantic comedy that hits all the right notes. I left the cinema with a smile on my face.,Positive,Love in Bloom
Brilliantly directed and exquisitely acted. A must-see for anyone who appreciates fine cinema.,Positive,The Architect's Secret
A charming and witty indie film that proves you don't need a huge budget for a great story.,Positive,Coffee Shop Chronicles
"The ending felt rushed and unsatisfying, undermining much of the good work done earlier in the film.",Negative,The Celestial Prophecy
An adventurous romp that's fun for the whole family! Great special effects and a charismatic lead.,Positive,Journey to the Crystal Caves
The plot was so convoluted it became impossible to follow. A disappointing mess of a film.,Negative,The Labyrinthine Key
"I genuinely don't understand the hype. It was boring, predictable, and lacked any real emotional impact.",Negative,Crimson Tide Rising
A truly heartwarming tale that left me with a smile on my face. The characters were so endearing.,Positive,The Lighthouse Keeper's Daughter
"The visual spectacle was undeniable, but the story felt incredibly hollow. All flash, no substance.",Negative,Quantum Drift
The humor fell flat and the plot twists were signposted from miles away. A rather forgettable experience.,Negative,Laugh Track Gone Wrong
"Surprisingly charming and well-acted, even if the premise felt a little familiar. Worth a watch on a quiet evening.",Neutral,The Accidental Tourist Guide
"An inspiring story beautifully told, with stunning cinematography that elevates every frame.",Positive,Beyond the Horizon
A truly powerful and moving experience. This film will stay with me for a long time.,Positive,The Weaver's Legacy
"I kept waiting for something interesting to happen, but it never did. A truly monotonous film.",Negative,Still Waters Run Deep...into Boredom
Brilliant performances and a tightly written script make this a standout film of the year.,Positive,The Gilded Cage
"The action sequences were thrilling and well-choreographed, providing plenty of excitement.",Positive,Apex Predator
Surprisingly engaging despite a few predictable plot points. It had its moments of genuine charm.,Positive,Starlight Serenade
"The premise was interesting, but the execution fell flat. It tried to do too much and ended up doing little well.",Negative,Paradox Engine
I found myself checking my watch multiple times. A tedious and forgettable experience.,Negative,The Endless Loop
"The plot was overly convoluted, making it difficult to follow. I left the cinema more confused than entertained.",Negative,Labyrinth of Shadows
A heartwarming tale that truly resonated with me. The characters felt so real and their journey was inspiring.,Positive,The Unseen Thread
"A truly innovative film that pushes boundaries. It's not for everyone, but those who 'get it' will love it.",Positive,Mindscape Shift
The acting was wooden and the story felt incredibly unoriginal. I wouldn't recommend it.,Negative,Forgotten Relic
A beautiful and poignant film that left a lasting impression. The cinematography alone is worth the watch.,Positive,Beneath the Willow
"This movie was just okay. It didn't do anything particularly wrong, but it also didn't do anything particularly right.",Neutral,The Middle Ground
An unexpected gem! It exceeded all my expectations and delivered a truly satisfying and memorable experience.,Positive,The Accidental Hero
"The plot was so convoluted, I lost interest halfway through. A truly forgettable experience.",Negative,Echoes of Oblivion
Surprisingly heartwarming and genuinely funny. I left the theater with a huge smile on my face.,Positive,Grandma's Great Escape
"While the acting was commendable, the script felt rushed and underdeveloped. It had potential, but never quite reached it.",Neutral,Whispers in the Dark
"I appreciate the effort, but the pacing was agonizingly slow, and the dialogue felt forced. A struggle to get through.",Negative,Beneath the Azure Sky
"A charming and witty romantic comedy that delivers genuine laughs and a sweet, satisfying story.",Positive,Love in the Limelight
"I went in with high hopes, but it just fell flat. The humor missed more often than it landed.",Negative,The Prankster's Paradox
A truly inspiring and uplifting true story. The performances were outstanding and incredibly moving.,Positive,Against All Odds
A chilling and expertly crafted horror film that will genuinely scare you. Not for the faint of heart!,Positive,The Midnight Labyrinth
The plot was so convoluted I gave up trying to follow it halfway through. A confusing mess that left me frustrated.,Negative,Quantum Paradox
"The special effects were impressive, but they couldn't save a paper-thin script. All flash, no substance.",Negative,Galactic Fury
"Predictable from start to finish, with clichéd dialogue that made me groan. A wasted opportunity.",Negative,Formula For Disaster
"A fun, energetic adventure that's perfect for a weekend watch. It doesn't break new ground, but it's enjoyable.",Positive,Sky Pirate Saga
An incredibly unique concept executed with flair and originality. This is what independent cinema should be.,Positive,Dreamweaver's Gambit
"The humor felt forced, and the attempts at drama fell flat. It tried to do too much and succeeded at very little.",Negative,Comedy of Errors
An exhilarating action film with jaw-dropping stunts and a compelling hero. I was on the edge of my seat!,Positive,Velocity Rush
"While the premise of 'The Silent Witness' was intriguing, the pacing was incredibly slow and the ending felt rushed. I expected more.",Negative,The Silent Witness
"The humor in 'Laugh Riot' fell flat for me, and many of the jokes felt recycled. It was a struggle to find anything genuinely funny.",Negative,Laugh Riot
"I found myself checking my watch multiple times during 'Temporal Paradox'. The plot was convoluted and hard to follow, leading to a confusing experience.",Negative,Temporal Paradox
"The performances in 'Urban Legends' were strong, but the script felt incredibly generic and predictable. Nothing new to see here.",Negative,Urban Legends
This film is a must-see for anyone who appreciates thoughtful cinema. The themes were profound and stayed with me long after.,Positive,The Memory Palace
I was thoroughly disappointed with 'Crimson Tide'. The action sequences were chaotic and the characters were underdeveloped.,Negative,Crimson Tide
"The dialogue in 'Starlight Serenade' was incredibly wooden, and the chemistry between the leads was non-existent. A painful watch.",Negative,Starlight Serenade
"Surprisingly engaging, 'Midnight Bloom' managed to weave a complex story with grace. A pleasant surprise.",Positive,Midnight Bloom
A powerful and important film that tackles difficult subjects with grace and honesty. Everyone should see this.,Positive,Broken Silence
"Despite a few strong moments, 'The Iron Citadel' ultimately felt like a generic fantasy epic. It didn't stand out.",Negative,The Iron Citadel
